name,description
Dragon Ball,"A universe where martial arts, energy attacks, and powerful fighters called Saiyans, Namekians, and more face off against intergalactic threats and mystical beings."
Harry Potter,"A magical universe where witches and wizards, students at Hogwarts School, learn magic and battle dark forces like Voldemort, while navigating the complexities of the magical and non-magical world."
Marvel Universe,"A universe filled with superheroes, mutants, and gods, where iconic characters like Spider-Man, Iron Man, and the Avengers protect Earth from both terrestrial and extraterrestrial threats."
Resident Evil,"A horror-filled universe where the evil Umbrella Corporation's experiments lead to zombie outbreaks and bioweapon disasters, forcing survivors to battle mutated creatures."
Metroid,"A universe where bounty hunter Samus Aran battles space pirates, parasitic organisms like Metroids, and other extraterrestrial threats in a quest to save the galaxy."
Naruto,"A ninja-based universe where young ninjas like Naruto Uzumaki strive to become powerful, fighting in wars, forming bonds, and mastering unique abilities known as jutsu."
One Piece,"A vast universe of pirates searching for the ultimate treasure, the 'One Piece,' as Monkey D. Luffy and his crew travel across seas filled with dangerous foes, mystical powers, and legendary islands."
Silent Hill,"A psychological horror universe where individuals face their inner demons and fears, with the cursed town of Silent Hill at the center of supernatural and terrifying experiences."
Lord of the Rings,"A high-fantasy universe where elves, dwarves, hobbits, and humans fight against the dark lord Sauron, who seeks to control Middle-earth using the One Ring."
Star Wars,"A galaxy far, far away where the conflict between the Jedi and the Sith, rebels and empires, spans across planets, star systems, and centuries, with the Force binding it all."
The Matrix,"A dystopian universe where reality is a simulated illusion created by machines, and humanity's freedom depends on rebels like Neo who can manipulate the simulation."
DC Universe,"A universe filled with iconic superheroes like Superman, Batman, and Wonder Woman, where battles between good and evil shape cities, planets, and even alternate dimensions."
The Witcher,"A dark fantasy universe where Geralt of Rivia, a monster hunter, navigates a morally gray world filled with sorcery, political intrigue, and dangerous creatures."
Star Trek,"A futuristic universe where the United Federation of Planets explores the galaxy on peaceful missions, encountering new species and facing ethical dilemmas and cosmic threats."
Final Fantasy,"A diverse universe where magic, technology, and epic battles combine, with different realms and stories, each filled with unique characters, airships, and quests to save the world."
